{
  "top_3_variables": [
    "nmot",
    "speed",
    "aps"
  ],
  "correlations": {
    "nmot": -0.4188682165637116,
    "speed": -0.3510081823734003,
    "aps": -0.3031561682141972
  }
}