metric,fast_laps,slow_laps,difference
AIR_TEMP,17.438235294117646,17.176666666666673,0.2615686274509734
TRACK_TEMP,17.386764705882353,17.246969696969696,0.13979500891265673
HUMIDITY,74.76735294117647,75.27272727272725,-0.505374331550783
PRESSURE,984.4455882352942,984.4575757575757,-0.01198752228151534
WIND_SPEED,6.315882352941177,4.625454545454547,1.6904278074866301
