{
  "weather_correlations": {
    "WIND_SPEED": -0.14371679854857658,
    "PRESSURE": 0.07239888848772884,
    "HUMIDITY": 0.016179539580979244,
    "AIR_TEMP": -0.013065379976651567,
    "TRACK_TEMP": -0.0003614098246844249
  },
  "weather_summary": {
    "air_temp_range": [
      16.45,
      18.92
    ],
    "track_temp_range": [
      16.9,
      18.5
    ],
    "humidity_range": [
      71.9,
      76.76
    ],
    "wind_speed_range": [
      3.24,
      12.24
    ],
    "rain_occurred": false
  },
  "laps_with_weather": 698,
  "total_laps": 707
}